id,Star Rating
bdcb3129-afc1-4608-825f-558fe9c17e2b,5
7518d5c8-5e35-45e2-b29d-cf0996ba9e2f,5
b21ca913-ba44-471b-91e1-aaf035379a84,5
beaaa17d-44af-44c8-ba38-24ba54c3b17d,5
89d8c4f0-6fe0-4389-b1f8-913ba894c0f1,1
16e57197-186e-44ef-ac4c-6f6a13e787ee,5
04a33480-0544-433d-af9d-e8c0777cadfb,5
5a5b705a-e3d8-4424-989c-05d078b6a461,5
00aad18b-1960-464c-9334-0961a9f1d65c,5
ce2a2f18-bfba-4430-afc5-be587a190d77,1
3a2abaa4-42c2-4df4-840d-52ac21f296d6,5
4db50ec7-89de-4765-b324-b1ef02afe7e8,5
0c64ee57-c3d7-4dcf-bc46-351e5832f5ff,5
c94b633c-db13-4723-8192-4010e331bf0c,5
694c834c-4711-4815-bac1-fbab70deb701,1
6e8187ff-9601-4327-b33d-83cc79d8745b,5
cf3ce256-7de3-4691-ac71-12801b0a96bb,1
6cbca408-e7d6-42be-aaec-bf0aec416325,1
f4823dc4-d588-43db-942a-8defa02d311b,1
e08a6211-f8a2-413f-868a-852211bad6d3,5
ff2f78a0-06aa-4c5f-8a42-34db98dcb6c9,5
b348b36e-0634-42ca-813b-d3cf49ab3dd9,5
9513b19e-8080-433b-a48b-48661bc7e44c,1
ecde28f3-5645-40cc-981f-efe91271197a,1
f2f45f08-3ec2-42a2-a272-2ae0501a9c65,5
6c728985-aeac-462c-9bbb-1c6b310c36a5,1
4fe0b7a3-3d8c-42d2-bc3d-802617b7388e,1
c16572a1-6d65-4ace-9e03-eccb2351b03e,5
4bfbb4ff-d4d7-4486-9848-a8c5bfd908af,1
0205efb9-26f7-45e2-9166-098b0a25176e,5
4ca4c8cc-233e-406f-a223-74cf9518c143,5
dff118db-c430-46e4-b7d9-b7d68b90b982,5
67445c38-f47f-465c-b5fc-dfa805e539aa,5
f5af204a-d060-40eb-ac16-4c7b53bfbbd0,1
71acb7d8-5433-4c88-ba5b-5fe368535f0e,5
2b3e390f-0a16-4785-81d5-bf02b26d4d42,1
3285aaec-1fd2-4151-aca5-cfde6e57aeef,5
af4ebaa7-c3d4-4190-b8bf-9e80379709f3,5
f4fce162-c44b-40ed-8209-0029a837d8ba,1
924a28e1-d389-41b4-96ea-8d51ef73c84f,1
71acae00-7fd3-4905-9c6f-c6e942dba2da,5
1fba9529-8985-473e-b097-95713ef2c1e1,5
3d2dbb2e-f152-4dce-894f-c022be8ff7b2,5
e13d70ae-91da-4774-abaa-3bff69be0f91,1
82b4bc0b-a397-4aa4-967f-2f187edc1b42,5
9e7a4a2c-25ad-41f1-a495-b044e542ec75,1
b4846e4e-5e5b-40af-99b7-bb76d2e8da7f,5
bf8ccf76-a722-4896-86aa-d5f2a7f1e94d,5
de2a5527-6891-47b8-b283-a56448d32982,5
5a731f01-7004-4410-a1f6-c41cc3bc2097,5
31e7d581-3d8a-4c5e-81c6-505b581aea8d,5
7a962337-a764-4775-8515-dfab3a210108,5
f1abb38b-2024-49fe-9c8b-769b9cb1462f,1
78107621-3e35-438a-b776-b6a1b60878b9,5
752201e6-41ea-4e4c-b9b6-deff32aaf1ed,5
7531acb1-1611-41b4-a7a1-84de6687b645,1
7dabf5e4-cb80-49dc-89c1-c674c5d44982,5
abd1b68f-832e-4fe5-bf45-fbbc5826c60c,5
e33b3592-50a1-4ec8-b811-ad33016938a4,5
35231d31-5a21-4e20-bfa0-e15c250d82f4,5
628476b8-de9c-41a0-a599-0d0b5a73d556,1
fbb3d701-a61f-4714-a4f0-a690ac2a31fa,5
15114250-6aee-40b1-860b-b425b43748af,5
9219fee2-4c72-4556-a0ac-66f49c7c4d73,5
ae036c71-4dba-43fa-bd0f-4dec04313da9,5
34b06943-8535-4196-af32-30db27e27832,5
de4ed8de-a353-4e27-b63c-cae229a1b9c9,1
4787f806-d55b-452f-8bb7-861a75169b80,1
d98e79b0-4d8d-4e75-9472-f3dd50300e16,5
37857041-d37c-4772-9297-cdd73391f957,4
17ddac5c-fd7d-46ed-8b4c-16c40fd80c65,5
823f5b86-6230-4953-8a9a-f29429f794fc,1
a31a926f-c67f-4583-b496-8d4e658ae09a,5
7db86f97-74db-4e3d-84f0-605bc5310e26,5
d6a69681-b8eb-4d64-9b9b-ae70d8fb46fa,5
0212e1e9-8341-4344-b5b6-abdc523c89ce,1
a754e716-1124-42dd-88ed-1981682ca800,1
66745edf-93df-4ee8-9825-6afe794cd646,5
97ed3ddf-a294-4204-9030-f57eb679b969,1
44f4ecf7-9005-4ae5-9151-7da00a148446,1
ccadc874-7d0e-44c0-93e6-df844510b111,1
6ce8fa07-642f-4c82-8723-fbf623be636b,1
b05bd54b-c8ae-4687-ad1c-b4349227fa4f,1
e1372800-5a1e-423c-90c7-09ff237b337e,5
3875c421-15e2-415a-9a6e-412746937b34,1
be52cf43-449f-44ad-9284-dd4786f039d0,5
1fbdcb7a-88ba-4ce7-8e2b-fb2cb1607b1a,1
a4d47fd9-e531-47c3-bb48-2d235f0e7441,5
d7fc29a0-a16a-4757-95c1-32cf083478f9,5
a7aeead0-7655-46f1-93e0-8001bc176f17,5
7553e24f-4666-4028-9042-9e69b3463a87,1
56bcf416-5024-4ff6-a510-ae1443fbd430,4
0e648c86-9824-4afa-898c-35eae58a4b36,5
b9dcb285-4798-46b3-9af0-f96221106d23,5
1ee6cd3e-ded6-4919-a889-383dcef404e7,5
179e641c-c025-4c39-a7cf-a66ef1a95ef2,5
2396b186-0d8e-4c23-b211-45b13f570b11,4
e8bab310-6a6d-4c40-bf6f-ca34a5c09505,5
b492d649-f2ed-4500-8e27-df289a74cb51,5
d5b2b807-0a16-4f21-9fc2-4459b1e2c819,5
9105678a-7bb5-4600-8206-ee09803c828c,1
2285be01-23cc-4c1a-bd54-62e74355ef75,5
0f40bbbe-d81e-4224-b539-73a5d968752d,1
7fc42f9c-c741-45cd-96fd-f2c3301b170c,1
ee00a88a-96cc-46f2-9c18-d81412d8cc68,5
7609104c-3ef4-4653-84d6-1fa6e2e9be3e,1
d41325fc-5cc7-4285-9403-2c7e98c6587e,5
11401423-b3a4-4596-9e22-e138b7357673,1
c16288e5-9c20-4da9-92bd-d36e5be1e607,5
23a285a1-b6a6-4c46-88f2-0d813f6ef92a,5
e75ae1c5-4588-4f0d-810c-27c3d9934fe0,5
d4a4f87d-5f46-4db1-bb13-5442c2a6b3a4,5
5fa6dc53-3776-4618-a9a3-e81169b58906,1
fd74fb05-968c-4155-9c39-af9bb5b2227f,5
c3413b50-fc9b-4aa6-8669-4fda9f24679d,5
f7dd3b88-b780-45dd-b23d-3e83ac65d437,1
ff4dd770-d586-450a-b6af-0a021cb94330,5
9f3e9679-de65-41d0-a5a6-eba72c723ff7,5
2d0fef12-b267-43aa-8cce-1e5cddbca1a9,5
7685e842-8d4a-465a-8ee7-b697fff9bb4e,1
443c60cb-936c-4c98-912a-d216dc027e7c,1
911d3cc0-81e9-4ac9-a32c-6cc424473b84,5
b2d6bdb6-2b42-4779-a972-5ca0e1065411,5
6b1523db-cc36-41c5-af76-bbc977824eab,5
8247ef15-b050-4489-bb47-a8599233cf06,5
3958b629-8b02-4626-a256-9848a7a1f711,5
298adbfa-2e8c-4d56-b986-2e48fec92bd0,5
76a9d3f2-281f-43ed-83fb-e37b585533e8,5
f7b0764e-744c-4593-9bb0-63a773e19721,1
5e7a02cb-e68b-4363-9cb8-1b9f868baa5f,1
9fd2ade3-de14-4bbd-8327-c796c2f85749,1
9546aa0d-4d10-43cd-ac92-16b93baecc11,5
75ca1370-ff5d-4407-9390-e54ba025a78c,1
37a507f6-067c-47cc-b9ae-7f7b81d35787,5
beafc4c7-a7cd-46f7-94f3-b462cef37027,1
01be136a-04a0-4321-bac6-afb1783f2cd9,1
0b8c0de8-1757-4330-b44f-8f44faf0ffdd,5
e1cba402-2e13-4afe-8275-0e91d95de1f1,5
cf5ab4ad-c761-434f-a5d2-6228212a85fe,1
13fd706c-f8c4-4b59-ab41-966961b1b03f,5
c6e582eb-8a59-4df6-b528-1a8b6f55341b,1
69fef681-c8a5-4f9a-80c1-7009e8c411b4,1
60fd221d-9449-4c7e-ae50-30ae6ccde784,1
88110e56-b968-4663-953e-67b48b117877,1
9e45786a-74c6-4d7f-af0c-9a509fc17d8e,1
b1867156-9221-4cb4-b1a9-7f281661c703,5
633eb61c-e489-4e08-85b2-58f12dec3c80,1
33901254-1f1e-4054-be71-96331bee99f2,5
15685139-774d-4bfb-9545-c215d110dd80,5
241ed849-ac7f-48c5-9d9c-4b525ce66295,1
e3bee92a-4b3d-477c-a24c-0c5c76be01e5,5
49a4ae81-ca33-4a26-bad7-930767179747,5
008626ba-0633-4a0b-a2f0-8c81d4cc5322,1
64be584f-dd61-440f-97eb-6c4abb83781c,5
6c6de4e1-8efc-4825-821c-68c779a709ba,1
aec56a77-4658-4c38-9dcf-abaf0acfe489,1
320819f1-d656-41b6-ad40-39866f353fbd,5
f415cd65-9dd0-4aaf-ae6f-7ed6ab0f6ec4,5
cf62169e-c454-462a-be88-b8c45b3c3815,5
20995195-e502-417b-966e-b6f32e2e5a4c,1
3b98d9f2-5d56-427b-8554-94a88f6e5fd2,5
260cdfca-a164-4f30-b706-149b30e5a184,1
49769372-f322-405f-8d4e-c73169aa120f,5
277631f5-aa49-4792-9b4a-ac5df3bd4e31,5
0012adbf-a2f5-457c-8309-9cc7923bcac4,5
934d15e0-f2e1-4de1-b3ec-04658621df7e,5
7297effa-4b38-4223-8c7e-3ae3ac925e5c,5
d9c3576f-bb6b-43fa-bef6-84dad62175c9,1
cdaf2699-3369-43bf-a000-10c22840c46d,5
2b7ae838-1549-418a-9cc5-fb1c15a2ee14,5
05f4feeb-cd35-4c5a-94cc-2eb51f1061df,1
ba1a8c53-edaa-43a3-b6a9-84a9a389be07,1
6191efc2-2d87-47ad-9962-12f8dde133fd,3
5db880e6-94cf-415a-b25a-670523abfefc,5
6c010424-d3b1-4fda-9692-73f75dc8fd6e,5
a6b96bd1-d016-476f-818e-cbe1f3bf1703,5
3838ae71-ef57-4625-938e-ebe6993d4e8d,1
039ff0ef-6d39-4619-81a0-9d5d6408b9e2,5
7553a96a-4e4c-42b1-93b8-7aaa4869dcb5,5
101d5068-0b30-4536-8ea7-ac9dafbf4c64,5
d0d763c5-27a5-4571-998e-bba27465c86f,5
d514fb93-f2f6-4b06-9b81-2304392a04e3,5
c47db5c6-19fc-4d5d-a4cc-2a8c6b7292a3,1
28b20c82-6282-45b0-9b7f-29084a19bf73,1
472e144f-893b-4a94-b9a5-bae02f2deb69,1
625bdd24-7b25-4c04-89cf-d8cd39910a6d,5
88887f4f-2316-43dd-96b1-9c9d476c1a12,1
1d22c0fd-548b-466c-841e-02eb43ce5cdf,5
5b7f3aea-a93f-4923-bd9f-a33c6b9b0126,1
27d70f6a-e942-40a4-8703-44bf7a0b8c77,1
6fc39d84-cc91-449b-9a96-2a2a81797297,5
ed8d72e4-68bd-4924-af0f-cfa34a83ad9b,5
dd1b586f-86d7-4249-b502-ad21c58cc7f7,5
67989ed8-f568-49f4-a98b-8c23b2c58a9f,1
6842e61b-34cb-45c7-a679-ea42513ac0bb,1
39410c8c-4487-4734-8235-4b4c1f170fa6,5
492665ae-fba9-45a8-8ee5-af523df9c045,1
bb935f13-db7b-4a89-a612-ec79920acb5f,1
270b13a8-da61-4837-b4c7-3c37051ff71e,5
c599e40f-9537-422d-b600-433d47fe131f,1
1746d2f9-760b-4391-9149-754ee22cfda2,5
1a132298-dd49-4c68-9679-5af7c7c0a104,5
eb4914be-f6c9-4023-961c-21a02af974d5,1
1b1457bb-44f1-41dd-a383-8a2989a991a1,5
5055f5ad-b16b-4827-87ea-906f03b1883d,5
effd3142-9238-4765-87bb-c32910106863,5
7a3c6fd3-1203-4e04-a909-2c10b0f7c3a8,1
585e43aa-e8e0-4f07-ab09-5de7d3d03816,5
516b92b9-e126-47fb-a17f-048f6087ac91,5
826656f3-2381-4ae5-8c5e-1ba168cb7e40,5
0b39151b-4b30-4d01-b617-0e9ec98396ec,5
bdc36197-58bd-4c6f-97b7-275c5b4ab709,5
bbcaf970-b357-41b2-95fa-a22e4f30840a,5
1e6b926d-430a-4cec-826a-ab35d2eafadf,5
3585ea90-a248-4736-ae33-3b83601a60c0,5
17491dbe-cb30-46cd-9a7a-1c2343e3635a,5
b2f4c520-b38c-4e28-9b09-0cfc6d55438a,5
72763afd-08fc-4fe1-af9c-19d2bcaef166,5
700afa54-9fd2-4776-bc4d-1c1382a24ac2,1
a9b2d847-f817-443f-8b58-70271ac55058,1
755ce882-ced0-4e26-9297-9f50a377aaa4,5
3552ee11-1f6f-4e3d-b413-bdfb3ca10955,5
801b4743-5eac-40a4-b9f0-917f08c35d79,5
5b4777d9-75f6-4f09-a6ab-86b729cd5142,1
f7781516-7496-424f-85df-8b6f607e6e82,5
f15a1b16-346a-43b3-9a5e-e0a1c367be18,4
07f97a36-8b20-490a-9a43-796ada9057b2,1
115323a8-7834-4d98-9e72-67b77b405c1a,5
d2c905cc-596f-4fac-be61-862fbbe86ad8,5
4ed52e61-c60a-45ad-add1-21e3f03f6f3b,1
e148fa7d-e8ba-4847-aa50-821ff5122dbf,5
bb8b9b20-fbea-4491-b034-9a2032f93f95,1
a96e9c65-5ca7-4d71-8705-43d5d67738a0,5
7535f513-d9d2-403a-8eb6-fe6c803850eb,5
69ac0361-6797-48ea-9b31-69003444db8e,5
284257f7-2ea8-46ae-a465-f6324ab19999,1
d03d9c4b-ea58-483d-be00-50b310a91834,5
687b6fcc-7580-4ed9-b588-effd42a0709a,5
d12b70ac-0275-48ca-81ad-1b6928df8840,5
cdce4fa5-f2af-4e9c-9563-07a202326846,5
489c45f5-a785-4e0f-ba44-02941d96cc85,5
3f6dd066-dfc9-4654-be23-aa2ab95f2482,5
0ee62212-8855-499d-b620-320afca8a905,5
ae4bedbb-9968-491e-8e1d-c9de381628a8,1
07cd187d-8710-427c-9a41-328fb33fce7c,5
ada4ea8d-9e52-4ea8-94f9-b56bd9526b00,5
db9672ce-637a-4dc1-956c-ab85eccda81d,1
de196ade-2970-41ef-b18e-fcfee8daacf9,1
d3084791-1479-4a60-b327-ef810aa241b9,5
7158a2f0-3593-4d9f-8b9e-2216ff8724f9,1
cdb8185f-e7ab-4790-bf89-8a1284ef7dcc,5
85eda24d-03b3-4c59-851a-4efa48a48334,1
5c52cf15-6d89-47d7-aec2-c84b1c6e18dd,5
b3338606-423f-4573-a102-87e6c48669f3,5
6791cc46-6e45-4d02-a40a-676505ecdd85,5
2ba5df03-9901-42c3-9a7f-353b7edbfa91,1
a565ef61-fd52-4009-9ebf-d7e2a9f7539b,5
7e03c6b9-99fc-4a07-a59d-258829c9b8c1,1
8015add0-3391-4107-9d2b-c3c73a3b83bc,5
3e25bcf1-db1d-4438-91ce-49eb63ee1cfa,1
d58681c5-d54b-4621-a80d-302868bd9a1c,5
775568f8-562a-4cdd-899b-4fb5a451d9f2,1
77f0db15-01e0-41ed-b96c-33a54e4503e4,1
5d8df62e-de31-4c12-aab2-4867156da90b,5
93a80fed-e034-40a6-bb5f-5fade8f5a1be,5
6d20b2d8-84d1-4c61-87c2-e72224aa2cb1,5
cdbfd76f-c394-4b0f-8f73-cffedf614c54,5
63a933d3-6aeb-4537-9f5d-fc5ee79e4aa5,5
51046c6d-33b7-4d04-bbad-8e43ee644a45,5
4f84261b-2804-428b-9cb2-3226bb2b3caf,5
b9de6ac2-3617-411a-b9fb-79d360dd94ff,5
1323ebec-9152-4751-a2d4-2f6b821d9642,5
0d03bf6a-a890-423c-aa69-103fd01aa105,5
e1368a95-3c09-4c2a-9ef6-72115c0a02bd,1
110bb37d-ef22-4ebf-8664-b265909f7493,1
35061929-4bd2-469d-a12c-2daf92c4e2b7,5
df6dfe56-278c-48ee-80bf-272db1809ab1,1
af620375-5bfc-447a-b127-44acdf39ab88,1
6a2fc342-c31b-4a0b-8f42-80d15d2bfe5a,1
b35dce7f-7942-423f-8be0-1db84135c216,5
0a8f81d0-6015-401d-ba3e-3f8f28cc4c8a,5
70ebdeaf-5924-4b12-9cdd-545ae90c2a32,5
125ac1ee-4641-421e-aace-9033aa510d4c,5
ec71cd1f-8baa-46eb-88cd-3605e556c067,5
0a727db3-5884-4e2b-8439-96508b2e3178,5
a1d45118-a589-4638-93eb-2396cf600f32,1
77f314a5-f64c-4edc-8659-b500f5953891,1
d4f64b02-6d06-482e-a4db-a90948a71924,5
dd7d0e62-da2f-4104-9b79-10fb0879e8f5,1
13b4ae3b-c7da-4db1-941c-26f7d632c127,1
d2f97d92-3d0d-4e12-b7c8-4a728af52163,5
82317edf-3ad9-4c2d-a061-b597aa0d7494,5
2398d828-aa3a-4e18-a96c-530463204775,5
e0ba1e88-1e8f-4f02-b84e-0c5d40de2dda,5
6b6b5841-840e-4d7d-a491-1c893a93b4d8,5
9fb0137c-8c9e-477a-83a7-f16a25886fa1,5
f31a2805-f11a-4726-87e7-5a42c77b9b0e,1
1b65ee55-c35f-4e68-91b6-cb01c9f8038d,1
af145b2d-a726-4982-b90d-685f37e8b809,5
9e62b14d-b893-4db5-87dd-2f0b1db43f1b,5
99b75088-fc7a-4577-b8f9-55f83d935ed7,1
da21ac44-eb31-4fbe-86a4-13dca83af0ab,5
abc24b26-6aaf-424d-b1e7-9f8f64dd1277,1
c7ab9dba-b9e7-4135-89da-13a0e244aa4c,1
654705c7-4871-4711-8c94-44f55c4e5b66,5
79bbe295-4f33-4794-a43a-84f135e3ed2d,5
6282e670-9c02-4662-9fd8-fa68845b4ae7,5
af451b16-1dea-498a-899c-3738ee7efa49,5
37e5632a-f872-4414-8d8d-2d4c37035bcb,1
76d18e5d-84f4-40fa-a485-4a29097bfc6c,1
c159c175-5ef8-4a74-a1f1-b5965f9a65cf,1
e9e3eb9b-0d25-49c7-9199-bd78fead30c6,5
d190df85-5d5f-48ad-9718-a821e63f61b8,1
ddf2c2db-6212-4f81-98e6-19e8806a541c,5
dbed9a91-e675-493b-94f2-8e8e8927b86e,5
787ca6bb-336a-4924-8342-d759346f6ccf,5
8ac39ec7-1e13-4de0-b756-ec57b41c1e0b,5
b5d8938c-da3d-4ed2-b095-3c5550df3d36,1
2cfd4e2d-9df9-4627-8357-5f495fddefd0,5
35fc8516-35b7-49eb-a7b2-a3d0f7c262fe,5
27da39cf-17a6-4218-84bf-d12ee6c64d0d,1
5281fcdf-e26f-4e45-ace0-0ecf8225a4dc,5
6cb9769c-23c8-4d74-acd1-d377c1f88af7,5
56333648-246c-40e8-9bef-2fd65df3bd5c,5
8090a86a-6813-413d-8dbe-1f99ae26ed53,1
7822e6c0-7dd6-4b17-8302-d4e4032908ff,5
d718a49f-3767-4173-a646-3c9baed01366,5
5ae8831e-ac87-45a7-b764-86320ef82aee,1
357a5700-123c-400f-a1b2-737f7c9f75f3,5
adca2216-5c04-4712-92fd-54d523a104b3,1
04b754cd-6e97-42a5-b425-8e962979fc77,1
fa3d080c-fa4b-4b25-9709-b5c14f13615f,5
8a249df1-2824-40bd-9f89-33da42f7dba5,1
395a7162-57ba-4e32-babb-015f11f125a9,1
f91a5c96-831d-43d4-a3f0-a6cd6909cc36,1
378735cb-6805-4609-bac0-83324e2e636a,1
5e1de4e3-7b46-4c4d-bbe9-e49b375f106a,5
da65ef14-271c-4104-8eed-104f4643c217,5
7fefb736-db4e-47b6-85ba-10fadb7eddee,5
12d0b5c6-c762-4bd0-aee2-77e8b2e647a5,5
7f13c770-912e-4af4-a50c-3c7405d54add,1
27bf7dda-e1b4-44b7-8987-fb75aa02fbcb,1
6797b904-d1a0-4d77-96ac-368b6c1958b6,4
be1d12b2-533a-4189-86b4-301031e4636e,5
0926ba00-ca10-4e48-a7be-4ce5fe7a9f81,1
a89872df-35c0-420b-be65-8e41daf42dfa,5
acf464fd-b3a8-4179-8685-c33e0afe8903,1
02be83d8-535d-41e3-b245-ccae2cf0bd08,5
4cc009f2-d61c-4fa8-bffa-3042002a80c5,1
454fd861-b0f3-45f9-97ca-72eedf4c84f8,5
a48ddb70-cb9a-42af-8906-28061ae160b1,5
2d8c2cb8-22f7-4ce9-9156-53380c64df19,1
0867d3c7-75c3-4ec0-95c2-389c90058607,1
391933b2-680e-4e2a-b6e5-8dd8a1443aa3,1
29de948d-e3b8-4fca-89e6-601d502b4731,5
bb94e911-79cb-4be5-b44c-c6552c5d577e,1
809c2ca9-7f4f-4f7f-a116-773789bc51b1,1
cc283b58-4315-4f15-a763-3af1cf0e8989,5
d35b689e-d53a-4cda-bfa6-0a1dc93c99d8,5
74444c57-e6cf-4705-b628-3757d0560604,5
898c2dc5-abda-4e18-99d0-13b665ebf365,5
58add722-4bc8-4fd5-8586-78dbbf7876ce,5
d92aad3d-a077-4218-9ade-fe5d5216ce30,5
68af5d78-0987-4fc4-a2a1-3de83c80b131,5
752f2859-8d99-4152-abe0-7e7cdcc51096,5
6b33d555-46bf-4f9a-9a9e-0a06ff53fa5a,5
648421e8-7b27-452a-a8dd-c1562463092d,5
0f30830a-d028-4600-bf38-869d50a5eb4a,1
26eade2c-770c-4247-a80c-e02563526910,5
4029527c-97b9-4d42-be5b-fd2c66fb7495,5
20725122-a5e1-4576-8e6a-86e6657dabff,5
0dcb3d2f-b5be-4783-a98a-14a2818ea214,1
09c865ed-2ce1-4d88-80f3-fdc17dc30493,1
e0280868-6665-4bb3-bf8f-003ef49447f3,5
a2d1fc10-6099-4496-ba24-fa0ac2cab23d,2
dd22418a-21a8-4cd5-a183-00d719c565ea,5
37d4cf13-7fef-4f6f-b3b8-025c7b59f865,5
abfa0d17-320c-45cc-9146-607830c27684,1
e916be0a-1b37-4df5-b9b0-d958d69809a5,1
1419e656-06fb-4db1-9adb-f7a091980ba6,5
30b2a565-5b83-4a1f-9918-936e313b7b50,5
97a1b592-8264-4f59-8bb6-1c3e99883292,5
cfe3d1b4-9205-473c-b3de-9f6ea2400c7d,5
741b0652-514c-4c20-9b88-5837097ba943,5
721fe4dd-6b5f-424b-9c98-4986596fe430,5
bfdb30b0-fe73-4fa8-bd3f-6afa072a625e,1
9bd72f03-e977-4d85-8975-9e09e8ab0530,5
a94d6a04-aa3c-4177-bab7-7a701927c9f7,1
2f617930-36f4-4c23-869c-6a7032232760,1
e4a1107a-6190-49dc-bd45-ac597f017103,5
547df759-7cc0-4898-8949-e2e64e39939a,1
70f822b0-8ab3-48c6-b6cc-05f4e2dec20c,1
fbb982ab-63b4-497b-97f4-4501c1444bcc,1
4135af8e-3a54-4648-b524-395b8324e895,1
836de687-b935-4321-bcde-beaacc90739c,1
66ac8496-4c13-408e-b3c5-52ab1d5f850a,1
a1d36093-bce5-409e-9213-882ad6860f76,5
26c3a0cf-cedc-47a7-a126-018d35b8ced3,1
9879b0ad-acad-45fd-a280-6a612740fa26,1
595959d3-7e87-4271-ac1c-3af2f74e1d75,5
be6b5d43-b4d0-4136-b109-ad9b7c7f6e60,1
a2f9c8e5-79f3-4544-b653-2506646ffcbe,5
64717668-e010-4e2d-859d-d68a48ac79b9,5
f3b30bbd-053d-4904-98bf-353ee96b87f8,5
16733912-75bc-4601-a4aa-53d541233bda,1
f67f0fe9-2ab2-4750-ba5e-ef3d047940e5,1
18a493d3-061f-4f97-8e56-76d8e43d56c4,1
110923b6-b5c9-4b4d-a6d4-a7ad8f3e1d58,5
88f6c7c4-ada4-4b2a-8093-898aeba0a1bb,1
38e44995-886c-4992-bade-fab624d739ab,5
5b00b4e9-5995-413f-88ef-11d96797841f,4
8101bc9e-a4c5-4aa8-8092-2a1078d6617e,5
b07af899-c87d-4407-acbf-59ad3b7e8eed,1
199baa9e-9111-4032-a0ff-3640b5e27ffd,5
329eb8d4-e1b8-47fd-89de-4720902231a7,5
fe22627d-6826-45a6-a155-ee9097172885,1
8f96eec2-c158-4472-8ab7-e0fade0d75c9,1
6748214e-238d-4c3d-8e91-530011960e4d,1
6f4e532e-4b96-44a1-b820-2a8fcfb73cb1,5
0c20b292-9e94-4eb1-bef1-e0ede8175014,1
ad5a7c26-48bd-43c3-be18-ebd273cbed25,5
584a6123-de4e-4513-b918-2e69fe76ad07,5
51996ca4-58b5-499a-9c8d-0ce3b879b7ea,5
0ad06275-1dd1-4eb4-ac7c-c651a402348a,5
2dfd7a6d-2f85-451c-ab58-c3247b1a7284,1
7fb5aa33-bff7-4c33-ac32-3ccbc6a0a1c9,5
610e6a52-a838-45b6-a802-1e916d4866f4,5
f85aaa23-6e47-4e03-b674-39ce63036a15,5
5bf54e00-0207-490e-83d1-ea3b560091db,5
89cad882-e472-4b50-b399-ecbbc9fcdc1e,5
602e3879-8550-4b0f-aad9-15b9647d53c9,1
53c6d59a-06aa-468e-a094-32a9dafd211a,5
b571c407-a2c2-4e57-a617-2861578fb556,5
55f0cc56-c6c5-4b95-a610-4ca8f087c517,5
30f3f246-49d3-47a7-b004-a2ee08b76770,5
13e3636e-8376-42e9-a33d-d49c16037138,5
2d347ad9-1c58-48fd-aaf7-6b943bb7d9de,5
e81df4d6-3db5-4ca1-9a85-717fb8f862f5,5
29fe4dd6-d85a-406c-883c-bbfc1ad7e1e8,1
cad8dec0-a6fc-44f8-a561-0d1249143aa5,5
27bd4b54-6a8b-4cce-9fec-fb645f3502a5,1
32d33f13-c826-47da-a9da-4183254646ab,5
b29651a8-945f-4b28-a4ee-5e5bf45dfc47,1
587ef0b8-3f6d-4335-ae68-0a4f137f8fed,5
efedc545-a680-40b6-86c6-451713b9eff4,1
97701fc7-ca80-4122-b1ab-940012e0023d,5
fdfe2ee2-cb6b-4e38-b28e-92c141d3cc32,1
91ddab8a-e586-4e0d-8ea7-0359d4301b50,1
041cdade-7b63-4f35-9286-a6cc0b99e41f,5
2abb6e50-e504-4151-9905-67358da98ba1,5
39a749be-4351-491a-9abd-e3aed903fa0f,5
291bed2a-ee2e-44ae-9880-e42041013dc7,5
3ed84896-034c-420f-985d-8d0130dcbe17,5
3b98cce1-fd3e-4d72-8c4c-e79278b822b5,5
7bd90ec8-3c04-4519-a1c0-a12013b0a705,5
ac343c23-5d4e-480e-92a7-33626f0e07e3,5
ce3f696a-074d-49ef-a5bf-87710a336b4c,5
1ffe8597-2a6c-4425-ad9f-274a7d852983,1
e4231a6c-46ed-4ce4-89e1-9588de43d011,1
f98e87a3-ba06-4ba3-922d-6ae5802c4ec3,5
815384c6-2719-40fa-a008-822777547bb8,5
80c768bc-9f52-4284-9f56-8b4afcc27798,5
a137b790-2bdb-4b6b-af4c-03168ad92996,5
0a012962-ee3d-4a1e-8e3f-be5c001a2ccf,5
45677ccc-9550-42a5-ad2a-b36bca8b702d,5
b2628682-c4e6-48e3-8213-ffd7a68ece04,1
260f9afe-472d-40ee-aaf3-632c52811cc9,5
409ed081-8116-4e6b-a395-babce823ecf6,5
fa520261-acec-40dc-b993-7aed64294bac,5
497827ce-24d7-4c3a-948a-f42c6a281235,1
b2d09426-69a1-4a07-b91d-e315f0d238c9,1
d8a942e2-12d5-4451-9de2-801836944bb1,5
e83376e9-4ac0-4063-8444-27f5e86f6902,1
42625f02-be92-43e9-a6c2-f36d9160d1a0,1
32077439-42ae-4089-9b34-fcef94ba8753,5
ab6d3a97-316c-4339-8b27-671d8cf8bcfd,1
59996d5d-5bf9-42de-8334-c16b5193bc7e,1
5f36138e-ff3d-406d-8b69-aa94031577e1,5
3d80c253-f33f-4c07-9b93-008e8b790538,5
59271fa0-b073-4aed-b997-8557032fdb94,5
19f36513-2a4b-45e4-821e-eb4d8411577c,5
3e87e4ba-a1d9-438e-a393-5c4546a2b271,1
1d2c3b42-5bf9-4e77-a7f5-caba9f0db51e,5
0f03f4a8-592f-490f-8b24-d82dd0794f8c,1
bc0c5b9c-f768-4551-9735-8c83102deef4,5
a86445d4-1eac-46a6-845c-0039af305da3,5
26d42e68-6f9a-4921-b64c-1a5e52df2518,1
f6771633-4983-4f50-b90d-1e50f1be6898,1
2d96e600-5f8c-4ac7-84ca-5a68f3099894,1
2eb65ff6-a28a-4efc-88e0-37b776bed7ba,1
e1919c5d-1554-4842-b054-1363487ef5db,5
d8fcee91-730a-429f-99d2-309709ec836c,5
66139e5e-a417-4fc0-9042-38a4d1cb3b4f,1
5d1b65f1-3475-4928-bc07-ee7ccb2773eb,5
0ff58e5d-f4c4-42eb-9f76-30215dfcceb9,1
18c7b0ba-0220-4c33-9d18-9380b9e38da9,5
218e8b64-63a2-463b-b3d8-ef2484785fcb,5
907cd8aa-ccdb-47f4-af7e-d80bd2ad79bc,1
ee9f1987-f1ce-4cd8-a687-40c5f35afdf7,5
93f57b04-66d7-40a1-af4f-7949cd30ff72,5
8563675b-7d2e-486e-aabf-f1bbe519c1a7,5
4565e937-98c3-4a3c-86fc-8596b24259da,5
78416b50-9390-452d-ab72-05113caf65dc,1
b182cc24-d1b6-4097-8636-39a08580ad75,5
8e26b7ee-afde-4495-ab04-d302d4931840,1
d23c2f09-69fe-4f60-9547-cce9c001c7a1,5
b36d8a11-8a32-4b81-afb4-2f59ac0ff4ed,5
484dc26d-780c-4344-9c7b-41c2f60e6fe6,5
c4d6ca45-7072-4f91-963f-80a145735f98,5
f6aea9c0-8848-4b6a-a1ec-c879684396a1,1
089c67bc-3829-435f-a845-1b5d11aa0490,5
53706028-6839-4349-ac24-d3f37d1b0b6f,5
9c961d12-e9fa-458e-bd1c-90c5ddca889b,1
6523b6da-d216-4a5f-aea5-6dd0d9f57961,5
e870032b-58e7-4b17-acdf-d7021d5e9d71,5
048ac7d4-988b-4351-813e-bc72e93cc2f1,5
7fda9ab1-d7e1-47a4-806c-ad48e5aac4b6,1
fe9054d9-153e-4ebc-b0ca-2c3b1c28d6e8,1
5af8296a-8ce8-44b2-b8c9-ccdf816e2d4e,5
d623324d-b128-4113-842d-c5db8478a752,1
f731fde3-2f45-4d31-8d44-558f3518d0af,5
db76de3c-5715-4b39-9d90-55bb21dcc7a0,5
3831fe50-6096-4e52-87e8-7e6120b56149,1
910c6ddd-9d6e-4715-8456-6087ca45c020,5
978d5f32-3f3d-42c8-899b-c96e0ae1678f,1
7834c33a-b958-49b7-a9d1-3f97dc1ee678,1
a1afa788-c750-4c56-b976-765cc4875836,5
dff6ff53-cb6f-4a71-852a-a3ce9897cb41,5
5d3b0d8b-3375-4b8a-80b7-71bc5ced1a25,5
66de0ded-32de-4b13-aa7b-12e50be6375d,1
5e6c19c4-301b-47c7-9b0f-62a7d9b86ffd,5
1c5f1955-f31b-453e-abb4-c1103c3e2ca7,4
0c7a933b-3cf4-48eb-ae49-2e01d83ca9b0,1
6d00d926-39ac-4ca2-b171-e8b0dd5b88fb,5
505e9ec7-c2b0-4c30-88d8-9f5294ef4eb8,5
2e62f3f9-0e8c-428e-af20-1f75a72fd43d,5
eb5eea08-c0b4-40fb-931f-9b9414b99476,1
565e959d-ac55-4413-b3cb-3ee61e45ca4b,5
8761e6e8-42fc-4273-8731-140adfb9c7d9,1
f6422186-5d10-47f2-bba3-65175e89b243,5
54769365-de6d-4d55-ada6-9048f468c2e8,5
5d380c94-12c5-4303-bde8-717f71458747,5
93d55c6f-fc3f-4fdf-880e-3dddba894e48,1
4eee3135-aa98-4b61-a755-ed0dc613ebb8,5
f744d730-8b78-468e-9b27-95a5a17f8a05,5
bb889053-7681-4de4-afe2-6618dcaa807d,1
c4a961c4-5c6e-4417-a2c1-6ab5221790da,1
e9427227-2a58-46a2-ba3a-9147e8abcfc8,5
ccbd939f-3e4d-43b7-a44a-02d9d9e319e4,5
18ce37d5-875f-486a-9c6e-9ee075f37276,1
73e5e03f-bc47-4665-8553-2c66ffc1ff3f,5
9cf93674-c2db-4338-813a-fbbe33693278,5
428e069f-73b8-4c43-8005-07dd06de233d,5
a2dfaee3-c44f-4688-bb00-b4cf39ae24c5,5
b9ceaaab-1891-46c1-9a49-b339d800b0f6,1
4c1c0950-0265-4df7-b9ad-aa31f64f6a3b,5
be047d27-b4ad-4dbb-8709-3e4c6d354929,1
cfed0700-b2c9-4706-8977-daf8ceb26da5,1
d34e2df9-e5a4-4b28-bc82-6a7495d20f11,5
d8811483-65c7-4ff8-ac95-f09040f366b1,5
bd6afe45-3a58-43f0-89d7-61c4776cb5fb,5
5b4dde96-b807-473d-906b-57a662b71ab9,1
a006b928-06c5-41ca-8c9e-bd375f333dda,5
2ee96a0d-6a51-4a95-958a-612f6f3522f1,5
351de52e-4a9f-4961-af67-ae2625a55830,5
e9892216-b1fe-4515-b5bf-4f7d5e1ad89a,5
3c1d443f-2206-4653-a3b1-1ddf24f349c8,1
f84ec3b3-28cc-4c28-8ead-2225254c19d8,5
3aff2588-4182-4275-b70a-d1e1d35bf3b1,5
4bb2f405-1b4e-4451-b0bd-df309581e128,1
e31e8b8d-7d4c-4a0d-a8cd-887b2daf2727,5
66d2f8bd-73e2-4fc8-87b8-a73f95fed411,1
0e39f116-141a-44a9-bd9e-538ebfa9df4d,5
d027fe07-c5db-4e9c-9ec5-d2b7b6bd262f,1
55aea01a-db84-47b9-bb34-0fcf691dfa6b,1
69bd367e-2532-403a-b929-65031fd42b15,1
4b6c4d1e-190f-453a-baf3-9995e37af2dc,5
f6a2e500-f8ef-4260-8a20-943f69fb0be3,5
64603b41-1fe8-4710-bdb2-545b1c6caeee,5
e596e313-08e1-4c28-82ea-557363b7cc0c,1
89893729-77a2-4904-9cfa-7a295cc900c8,5
a42ecfb9-8afc-43ef-867f-11ecfac54e5a,1
0aebc936-ddf5-44ba-a2eb-a24d59221946,1
21add368-9174-4fdb-8740-4deb3085516c,5
cce71a74-1474-46a0-9df8-88f85f637a66,1
d5ec399b-fdef-4ac3-a515-3031720f9f95,5
8c46e8f2-7cbf-404f-967c-e9603aa1f5a7,1
f9a8af56-2d3d-4eb9-8af1-6b2b1d8748f3,5
a3b16a83-b11f-4861-a85f-4595d7863ddb,1
fca47f1a-d605-446e-a011-4dab0f8293a4,1
fa18bd8b-f9db-4447-90dc-f8262018d111,5
8a1da74d-accc-4bf9-a121-5d58faaef19a,5
45e9c64e-4fa9-46b6-8157-d62d679e2c2e,5
7eb75ec8-ec40-43ed-96a6-e3741f88f612,5
4366eb8e-243f-4101-8a37-d4f913b153b6,5
504f014d-0e14-43ae-8449-596b532a43ee,5
61f7debf-607c-4f04-9c56-51c696e581a7,1
a49394d5-89a2-4cd1-a949-0427006c344c,5
5ad763da-bbc6-43f2-b708-e52d49ae7f10,5
7f5c6352-3260-4a6e-86d7-4f88b5603c42,5
08aab0b1-2132-49cb-9323-01defc51bc2e,1
ab89f176-05f8-4c9e-8c4e-61aab8201bcd,5
ec85e9fc-1f80-48e5-ad9c-09c1815ec46f,4
d3c4fb00-5a00-4b26-98c7-9bbdf336bc68,5
823ec21f-5363-4b18-9053-62ee4450e7b3,5
7a2a0b7c-6c4c-49e6-af83-82bbf8b156de,5
1157df53-5fcf-4ab1-bd5d-de533067f310,1
15059978-d6cb-4f51-b555-5b08897b2ea7,5
3a212c03-7a8f-4399-8ec3-61d4fc1b453a,5
ab5c0642-2a47-47d6-87da-80ae011ff26a,5
7218e471-cab8-4181-ab4f-4b131d9d8c2b,5
5eb23497-f795-42b2-890c-bd90ea2ba63e,5
b664e75d-173f-4293-a91b-41eaff5a00b2,1
fb3da4e1-4133-43fc-b88e-152941380726,1
4f1b300a-a9fe-4702-a45b-f48b5ca123dc,5
e17f64cc-e6ba-4811-9f68-a9653d699ec1,5
6e4ff707-0a9c-41f5-9a32-a91cc962066d,5
e5d35c6a-aacc-4069-8e3f-4ba4fefe93dd,3
36ebf414-2d04-4753-82ad-6aa189d042ec,5
f6641aaa-50ea-44bb-8303-97f6e4acaa8e,1
9f4eb62d-baf7-493b-a6ce-28da46149a29,1
44285afe-ba10-4018-9328-8231d5283407,1
9ece517d-9f65-4d78-9ad0-4ff3dec1c56b,1
e2e1f0ca-60b7-4089-9229-fa7a3b94b088,1
e92dbabf-759a-45f1-9713-36abe78580c5,1
7fa2696d-451b-4cd3-b85f-b57c7769d339,5
d13b908c-17db-4fe2-9bf0-aaf9c7e0cbbd,1
cb24cc24-73a1-4f19-a776-7149e3d39754,5
35c87497-5dbf-4ba6-939a-9828e50af4aa,5
6278f896-25bd-4230-99d0-60a4d5a2d0bf,5
baf02426-af03-4a0d-939c-a3fe335ebbdb,5
25f29cbc-4bca-4745-936c-7d0f6a2746bd,5
90eda900-09dc-4d2b-932d-384e61133d79,5
d1ae5564-3c26-46a8-abda-d183a41ebce9,1
763b9385-261e-4eae-ac30-5fe83794bf69,1
2269e6d5-b472-45c9-9dcc-d4ce37509da9,1
90975a11-cac2-4b69-9efc-acc922a3ca7c,5
6079b521-e52b-4dcc-8e76-b65382c2fb86,5
9fa1dec6-7a9e-40ad-90bd-17d33024b90e,5
e93c8b1c-c238-43df-a6c8-4ad96a68dddf,1
0d6a5d84-cdc8-4548-96c0-b01e04cc4645,5
57914e1f-0c15-49c8-9ab8-7bb585adbbcd,5
f84986aa-592c-431e-886c-1c29f5e19d8a,5
de0daad6-e423-4a87-8576-6a328250fbfa,5
de0ce916-9711-4c43-a48f-debffd3d241a,5
3a1127ee-0afa-4b99-a86f-1f5e5a8152dc,5
1747f5eb-39f0-457c-90fc-25b79505bcef,1
42a88804-df7c-442e-8db4-fbddfb3d5be4,5
f4adcb9a-eeed-43a2-b4fa-2516bff63a5f,5
806ca9f3-d2b6-4be8-a071-7aa6f9b99fc9,1
5797d11a-8188-41b9-9e41-1eb4f17d2924,1
5a9d6e1f-e85a-4c7c-9a8a-9fce7fbb1158,1
2ede603f-54a2-4acd-8fe7-eae04b6da3ed,1
ae1651c8-7fa3-44c9-bcdd-7e98e9cf7135,5
3e2d5b30-59ef-42a4-a104-071bab7c5242,5
98e825b9-3a31-4d30-9d65-654cd183765b,1
e545bdb7-38d5-41e6-9fd9-be3cbc5ec89c,5
68cfc3c2-89cd-4c9a-8ee2-32e6f428892d,1
36a75072-e1e2-47a9-b08c-c5f330c603fd,1
48899555-82f1-4993-a507-7b6096ef20c0,5
99ff7f63-12e4-4fc6-bb18-55ddac23cd8c,1
6578d85e-1872-4c8c-b45c-05abc84aae74,5
eeba3ae4-89cd-414a-850b-a171edab60a1,1
7ac87216-697b-4102-90c1-d0aac283cb6d,5
3ca4e9a1-f258-4fe7-b0e9-f5b0dcb5d76c,5
14dd5aab-328c-4942-b357-063376ac58b4,5
2b700893-cac3-44f0-93f5-7b60e2d4b8f8,5
67181e27-9c8d-4d3a-80c9-54ba3261dcd2,1
c9128d0b-73d7-468c-a9c0-d6b13a24778a,5
1f4214bb-dd66-4bf2-97bc-edc99ea65d8f,1
53c1d943-f48e-4caf-8ea0-0dfc0fc1a501,1
220ff0ca-8419-42bd-a79e-f5240614e542,5
70b21218-ea2e-4945-81d3-8ad82946fd17,5
b10e3ce1-3453-47b0-b39f-5681a4c33172,1
70ecd622-da15-4cb8-8a71-9a68ca21bfb7,1
69fe545a-2612-47f3-a5c4-e178a7701185,5
f2a26d8e-f5e1-491a-b72e-d03e73e36fa5,5
b7ae2cf4-019c-4c27-b357-aff3637b4516,1
5c058186-41b2-4336-babf-050d1d36e789,5
87027536-c8ff-4294-9ab6-ecc6b3703750,1
15f1a33d-1ca1-4f8f-87df-373dbf5e8d49,1
d9edbdd0-0f3d-498e-ad6e-6163149dc350,1
072bd685-f8dd-4e84-b2ff-a8c24dc8cb0e,5
9dc170ce-bced-4a42-9233-21b7516a7bd3,5
3c7500b0-5eec-486d-8cf2-f3191fe2493f,5
e696765f-0c1e-4743-b893-e3a47a40055c,5
4e60fa64-16ce-4598-899b-b7e6ad7eaecb,5
7c95a824-24c7-4269-aa9c-b7838f7039cd,5
e21a2cfe-cc24-470b-a45e-03ebcce21ee3,5
417e2248-dea4-42dd-baa9-8b49c6336a05,5
f715f1fd-9039-4e65-948d-b120a36fd101,1
f8633dcc-df6d-4b77-9227-7516bf96d847,1
4970d58b-ddf3-4898-a82f-2a5a62a44770,5
716537c7-eed7-4b7e-86f0-f3d2b9660533,5
b1fe44a6-b235-45b6-8fd6-d7e629915ff1,5
54cf5cf8-3674-433d-ba63-427308ccaa26,5
0bf95825-76e0-4e85-9931-309b6a16beb9,3
64b566bb-89f2-4e53-af4e-76d6a0d2a9a6,5
b908b495-2531-4bbf-963c-f8cab879a409,5
14574e7e-dab8-4e56-80d1-7d5be4f620e0,1
e61f9368-3279-442e-8437-1b35f344bb7a,5
8192a281-d875-4b7d-90dc-34f45d593461,1
9ed0c117-ba17-47ab-9b19-966a1bb69c88,5
5b5e14fc-d426-44ec-86b3-2f6922d02420,5
0ea295d6-db98-4720-bb31-805f9c29b876,1
29f6394d-d23b-4793-b87c-1f09a5a16160,5
ac0990dd-3d7d-4667-a210-0dc643336d47,5
6184a3f2-119e-4d62-a1e8-b3ddd6cfc0ed,5
fa831221-25d4-4a67-a03b-a7db094fc5dc,5
6f4bd720-db28-4c59-9dee-a98e9884c2a1,5
c159aad6-2fe1-4dc1-b3d2-7b43877ea6f2,5
041fa9ac-fb52-49bc-9664-71c60d12f487,5
5aab3391-2b4c-4fa7-a410-99acf53560fa,5
566f9a3b-e328-4041-9dd9-b859cbea8eba,5
771b55fd-e296-4ac4-ab02-3a41c2b933e6,5
61a5d5bb-5975-44c4-a081-a1e6b59908a8,5
bb109db6-4ee2-4f9f-9a8b-3ad9493c309c,5
b4cb44af-0cfd-4083-b188-53f73f715120,5
2e42126c-80b5-46bb-b236-bd84e8165b94,1
568e3bc6-f81b-4183-acec-e74f5a540b15,5
50e60ab0-5210-4b5f-8d10-c5e1f538a1d0,1
248269ec-e806-4895-ab96-bea4fbbc25e2,5
35a4f5c7-ee9b-435f-8b6e-0dc1cc5a81eb,1
82ce3c39-c383-49fa-bd9f-af1253689341,5
39acb2bb-d0c0-48b4-bd09-e7d5aadebe7c,5
2d87995c-7b3a-4edd-8505-a7f300b93fdc,1
7fb4911c-f570-46cc-a312-ea2423d4b8ea,1
227da7c4-e421-4855-b470-7597c5a3b91a,5
d0570257-77aa-40d4-903f-d79f704e53ff,5
c48b7eae-1462-4eb2-9027-3148f39347c1,1
18f06bc0-3961-4439-b312-b3e161e3f255,5
e00bebe4-c8bd-4239-9c6c-93cc364bc84f,5
24b0faa2-84fd-46a1-88f6-65fc2e594ace,5
a79f36ec-f17a-4f05-b393-a3b62931d4e9,3
a0d45292-3458-4430-9d2b-642980f476bd,1
f3ebab4f-6d1c-4ffd-ab3c-2573b645ed30,5
80d3d686-3f4a-47ec-8387-431e87715a05,1
cff3a4ef-6cd4-4ec8-90dc-cbb88a45cbea,5
eaa3a16b-ca00-4447-b697-128502e9151f,5
28d4bff2-c839-4086-8f7b-02a6e05ce332,1
edffdd52-dab2-4235-b0f9-835f2e6158fc,1
028e7d03-b18e-440b-ac48-03e062b0645e,5
3b7ad2aa-c7da-4a43-a535-403fb399ac6c,1
eb54909a-e0a8-457b-9a62-6bef4ba63743,5
89761583-c67b-4b1f-807d-2442dec9f36f,1
a3d81ff2-ef28-4b7f-b346-d118701f9d8b,1
cd02f9bc-5d9c-4be6-ad42-0c61e511add8,1
056aa03b-ed90-45b1-8181-458ac33c1b99,1
ddd8b0ba-77ba-46c2-9335-d4a58f23c94d,5
c5df8e7d-635f-4741-a498-8e64627fddc1,5
3012cee0-642a-4bf9-b797-3551f38d08c4,5
c5c9efe7-3748-4756-8a8d-65dc067de859,5
74cf1a00-4a71-4510-8781-cc208669a662,1
4049422f-7d0a-4b16-a991-cf9d0298d97f,5
2b112f0e-be19-4fc7-825c-896f50979849,1
d1b3f940-71af-4d3e-af5a-c53092180bdb,5
564d2732-1f39-478a-85db-2aeaa5458e07,5
ec251bc1-862f-47b6-90ca-0cee2db0b3d0,1
ea903102-476d-49c1-9b0f-f56ffc7cbc18,4
614ffb2e-ddd6-434e-a844-1f21af19bc61,5
d2927039-eab0-4249-97d5-f2f366948a05,5
bb231942-97b8-4805-8d4f-b17cded424c5,5
79feaa13-6a3f-4da7-a642-59145d03c241,5
bf6d068d-7e76-4767-83a8-0950268428b2,1
1981c0df-9690-440a-91da-52fa874c792c,5
71fcd941-95be-4276-a363-0aff396669c6,5
a523c468-aa0c-46e9-9bd7-c788c547ba87,5
717dfb80-92e5-4cde-9e85-0a07ec21050a,5
e83063ea-00be-439c-86d9-a081190d6a5b,5
6ce3a068-3407-4148-8e98-42617156fd79,3
aacc60ab-cb6d-4670-b431-1fa73a3fe4a5,1
e8d5e919-805a-48ad-9698-ee4024ba5279,5
02fb591c-2cde-4087-b8ad-1095df6ff291,5
c3975cee-56bc-4e31-a5a5-3d425468a124,4
d31b9c43-748a-4af7-86e7-46d09148c65c,1
a6894cb3-762a-4451-a75f-85ac949e6429,5
b6626831-bbb3-423a-b3d6-4e699e63646a,5
2bda54a5-e621-4456-8c16-4877b325da7a,5
8aae0ce0-966b-41ad-b678-24e475423eac,5
6690a75e-cc6b-40fc-bb22-8097fe1876c4,1
17e5aa83-2689-4fd0-996b-32f39815d2f3,5
41952cd6-70ac-4fd8-82ed-0784765321e9,5
2022311e-e1e8-4b75-a3ec-3ce0006667dd,1
552c72ab-ec01-4367-8d5e-f78c1ffeb148,1
1fe8975a-e540-4f52-a7c8-4408a9eb9a2e,5
162df7a7-7185-4d0d-ae13-7ebc2392a3e6,5
21ef3437-6ab5-4e35-be69-5263dc390851,5
16674f6a-b1c6-43ad-ad18-a34ef3ffb1d7,1
6ba7fe27-0696-4820-8c1c-13bd2c9bf847,1
9cfba5d4-fb8c-4b76-9599-b755642e589c,1
19cf4ff4-7ec1-4d05-97ed-224fecf4c9e0,5
cd118572-332f-4421-949c-f071722578d1,1
e0db3de7-5838-45fb-b816-5784d3f0d8df,5
7124e462-52da-4f87-8719-dfd50c5348ef,5
3f8814b7-706b-4dcc-b454-107965ec9199,5
5f5c8f68-a65c-43b8-a1cf-3662fa418406,5
df0fc42a-fe67-486c-a24c-9f2bd8d3e46f,1
267a1cc7-9f8e-4863-b8e7-b5cfb287b4fe,5
02fdb910-2831-45f2-84cc-00e003232b00,5
18ce9e57-47bc-4e46-a284-e059b0f3c894,1
244e8431-d7b6-4c14-b59a-17842d5829b9,1
17b7c94a-8321-4dc4-a8d5-af3c3e71cd02,1
50a2877d-f8c3-4590-b407-6359bbf93afa,5
fa92e29e-7aa0-4491-bca4-33f4095213ef,1
11e9b3de-de87-45b4-93e2-27ca98a74642,5
c785619d-c9da-4a06-82c8-f4db97ce7247,5
7b45a34f-865b-4794-bf9e-ac3c0a8ef7cf,1
4c44795f-ce5b-4d38-aab5-35c7b73de118,5
457bae68-cad6-4d95-9670-d40d4c736607,1
ceb6b537-1537-4fc9-a52a-1fa406688726,1
3f69e7b6-cd32-43ab-9d86-b46ab87d77c1,5
a885003a-ddea-495c-ae46-98e103215643,1
c75be6b1-1b26-46a5-afe6-c5162652cced,1
a58c152e-a4b3-4521-a344-1a70fcabc604,5
2c6bc2a4-96ea-4f07-8c5a-775bc57706f1,1
064ae228-d4ed-49da-9c12-c8538630705c,5
8c152db0-7346-476e-a5f7-4c4ce8e0d0ef,5
ba7341ac-1366-4e73-b78a-1db5463a81b1,5
cc843303-aa6f-4158-ae84-421f055c8376,1
bac3e9be-0274-438b-acbf-ca1d411e2efd,1
ae16d24f-74f9-4516-a041-3c7842d9c489,1
9fef998a-6761-4106-afdc-44fcbd6840fc,5
916d04aa-8d2d-49c6-90fd-df2cebb12ad4,1
5f8ccc56-8ca4-400b-8648-0ba2fa4d57d9,1
5d987265-bc3f-4ac1-9047-7bad95de0ab3,5
28d8c772-279a-4b21-9f4b-86f15af3af0e,1
96de8f08-bc17-4e8b-8f8a-db711aa7eddb,5
91c06e47-9b77-4da2-a1f1-a8b27db3eb82,5
154578e8-f58f-404b-89f9-d05fb7bd8eb9,5
8d2ea8c7-4d17-4b3b-9214-21ae376eec54,1
16278241-6665-4f96-91d5-3c5be5032779,1
e99c94a8-32c6-4a9f-b41e-a8a4299fcada,5
b7c15c0b-d766-4993-ba91-129e54b5a30c,5
af0fae7c-bbef-4d3d-8bc9-5867641a3514,5
dff5f7ea-f138-49b8-8b00-6d28c90c685b,1
a6cd17bf-57ea-4ad1-8562-9c856db5c36b,5
78abbef8-90b1-4bb4-ac40-7f352a42320b,1
7a9b5f7d-507c-401a-9c3c-5d01d46333be,5
5f567df9-10f5-49e2-8a5d-461ff4f8d1bc,5
6abc9cd6-29a6-4433-b5cb-c7ef15a13531,5
3b369e3f-ac4f-4789-952e-3551bed77dca,1
7d448333-e294-4b7f-8705-e6acb50c4dbf,1
373aae11-c721-49d6-b273-5998ec71e0e3,5
e61b6369-1285-4269-9143-d2050544c505,1
f2706c49-a126-4566-9f0d-c080bb2fea65,1
fd2c6249-3165-464a-ab01-50f2521d7c87,1
e529a022-e23f-4f2c-a20a-7a6f313c0536,5
b1462289-b765-4e4d-94ad-78fd7fcfe7f5,1
149c439c-b82a-4c56-b21f-84d04b32ab38,1
9924c063-6b5d-4039-88c3-d2e0cb89dac0,1
6f9a9038-831d-476e-8de0-a311f0d980b8,1
84ce6e2c-60ab-466a-9469-6f90dcb84da8,1
d55e5b1e-c2d7-4b16-b4b7-9afa0aaa3b40,5
706e89d1-dd1e-4199-9263-90b637c5e04b,1
6fcfb66a-9a57-4cad-be4d-1699f5e7190b,1
8e56211d-38f1-4817-93f4-8b7150467192,5
f99fb3c9-9e39-4eea-b668-d8de1295cac0,5
baeb3bb1-9e95-4f67-bd4b-5a24a650bd83,4
15582257-fc1d-4912-88cc-2d66c0d48fbf,5
e1ddaa83-6c4c-4b1a-a315-951b9960221f,1
a0a4b8e5-fdf7-4d82-a22e-466de99d5f6f,5
84d5395f-b162-4d1a-a640-bdc561c0d9e9,5
6233d6d8-954c-4610-a4ce-f27bbedc67f1,5
86c3b48a-2562-4486-a2f1-f427fd7eb27f,5
ab1ce5c4-a18a-4ef6-9099-892ff9deefd9,1
d305946d-50f9-4672-96f6-003a7d7d5aad,5
deacd8ab-59b0-4457-96db-513b1f49fc25,1
9847a4ae-53b3-41a6-b16b-4272ab70d6e5,1
d3c753a7-8b67-436d-b15f-21cf557775de,5
754afa40-6e2f-4ded-9d31-6eec026ae11f,1
ae15a0d7-4adb-47f1-be02-8e562cfa4f64,5
6740971b-9423-4cf7-a155-9da29ff991b6,5
5479407a-cf1c-43b4-9493-728882b5b869,1
64c5075d-f4e5-47bc-95e2-2a57dc90e59c,5
97a53f14-7e63-4ac3-81c7-6789940ccccc,1
b2b18cc5-6eb4-4abf-8d22-3b6626eea639,5
e06ed763-0045-4176-a5fb-579668f796af,1
1b6241b1-6358-43bb-ba30-efc401e49687,1
df127b11-8390-4d42-b63e-0e0ebf494f60,1
5d208ddf-7faf-4ad4-91d0-461af4db6b56,5
5d383aa5-4d1c-4b8a-bf91-b4475561edf8,1
33fdfeca-f897-49da-b7a6-1426de2bc406,1
124c14ea-b0c2-4ee3-961d-9e16c0cba8cc,1
17c4dec8-75a8-434d-8c6b-80f5ae25fe63,5
9ac23629-57eb-4d7d-99be-73cee187d2f5,5
d1ffd525-63d5-4b2a-bc8d-fb64d5d48023,4
11671103-2c7c-4d65-a40e-7150a194b70f,5
0657faba-93dc-46a1-bfe6-4f5e6e554486,1
dfc4cf80-4015-4432-a3f7-2443aec8113c,1
52cf3258-10d2-4a49-b647-4e6ec2e2d3b7,1
5f951cb5-679d-48be-94e3-149fd6aa77dd,5
29086039-f4ca-427c-a9db-c38388f6fbf1,5
2c315a2e-dc39-4552-94c4-dcff607e8931,1
1a6059af-8ae5-4afb-b134-1918bffc5d5b,5
36c984d2-bf19-43b3-a866-fce57f85488e,1
6cabc88f-90af-4fdd-a7ef-370daa949953,1
a3abb9c1-416a-4c77-a1eb-543cc2bb9ac2,5
d14188ec-5419-4556-b7c7-10226619aec6,1
8c804578-14a2-4be9-9308-798cff263710,5
200718e3-da6e-424e-ab4d-638fe1ca37dd,5
8c0b7564-b461-4a5a-89e2-94adc8b5b08c,5
44da8af2-2b7e-43fe-996a-12e46ff94127,5
a83fdeb7-8fee-4ef1-bf25-4116ebbd3c1e,5
6de2e864-423b-4908-bf1e-81e119a912ef,5
c1c0671d-cf4e-4a17-8f95-2888e2ac9acf,5
61e6fec0-5fb8-4503-b483-c4b79f18bfeb,1
c239f4bc-1748-416a-9d9f-f787d762a0c4,5
fb59f00c-2ee1-4d6f-a4bc-387037d83ee1,1
5cc06485-2893-4c7a-b706-7ad00a572df2,5
f8d99855-8996-4f7e-8e4e-64965b072dfb,5
8468f5ce-e179-4571-826b-6128476813e0,5
fe226798-83fb-4d15-989e-f5c3fb59ed5e,5
81d92064-6360-45d9-80ef-dda6f1179bf6,5
e75db681-e492-4b07-956c-de8b4458c55b,5
1b05af73-66d7-4f78-98fe-09ef159d47c0,5
06c3ba31-ef18-4bf1-b3d8-9a70f33eb51a,1
52689f23-304c-4c31-b3ec-635c4bfd3aa3,1
a90f64da-023a-498b-8c20-4d38f7f0bf0b,1
e5b7ad94-cd6e-4b94-b3e4-b0602af5ad4a,5
ba22c66d-5720-459f-ba21-49bd7eb610cb,5
3f894daf-0898-4d31-8f7b-cade461a34d1,1
89ef4313-3591-4585-ace3-9981cddd9bcf,5
045f889f-3b45-41e0-b2ac-10d650d9da62,5
af275acb-09e6-4f46-a66c-9a2b20fff5a9,1
ce5e652e-ef3a-4013-a1b9-5d5234319728,1
149b5528-de7a-40d7-aa0c-81245bb2fb65,5
e75508c9-d5d2-4fcd-998a-c507eb0c9940,1
d88db213-b921-4ca7-ac0d-c2cfa0aad452,5
7b4b9103-6315-42ab-9c54-2afabe92a40c,5
3abc7f1c-91cd-413d-9ee1-1f04db5f1838,5
8f311a56-b9a0-4835-92bd-c9b766a5252b,5
e808532b-3ded-466e-a111-8668e79bdfab,1
38b2c052-aa64-409a-96e0-0962d8450256,5
cd6a01ae-939b-469e-af7f-7b0d882beb72,5
a39de2a9-024e-44c2-81ad-f301b57fb446,1
b3a969c7-3120-439c-8a21-d1ef5154499c,5
11d7b136-2ef3-42f0-a719-00d7821780d9,5
79d45c49-174a-4b11-912f-c5c14b978bfd,1
413c205c-cfee-4596-9ca2-36072a19985d,5
94aea09a-9c11-4e77-a30a-c6f851df7f54,1
3a14b9e9-b5bd-49b6-a916-b1677f4557e0,5
ac735be2-ec94-428d-8c89-013943a3f92a,5
e2f5a099-5fc6-4dd0-9a56-733a270c37b3,1
947d1f6a-46ee-44b6-99d7-bc399ed78f3a,1
e9b7009b-9cbb-44bb-afd9-fe8b7fa5d540,5
454fc8da-a6da-48b6-9a15-6f1c5caa46d2,1
7a2ea62e-dd16-48ef-9502-208d55eb312d,1
fbc697b3-54ac-4db1-aaed-57f31ebaf862,1
d474af0c-0eb8-4cc5-8d22-469b24321e6b,1
585ac506-cb5b-4a84-bb7b-6460c80eafb7,5
cda55b2d-e8f4-4ff5-bd32-ef0c742868f1,5
6dda5581-3c59-41e2-b709-c68c133df18b,5
dde7d2ff-7702-4d4e-b485-f71aa9337786,1
895b7066-91b6-4c49-a0e7-39b3c0c35e8e,5
e7a3e7c8-0f20-481e-a8a1-1a64c1ac59a3,1
9e83f0ed-414e-4980-b1bb-133bf1845591,1
a2113a14-34ff-4ce6-b93c-070239e0b782,1
442f2ce1-e7c5-4ac3-b65e-595be09cb594,5
0116ffd0-0fc9-4708-8997-5dba2602221c,5
fb6061f3-61ec-4cad-9c73-4e91493c7e36,5
2c958861-3107-47eb-883d-046ffbbae956,5
b6b9b9aa-b597-4efe-bb2d-d44914914aba,5
08655b83-d01b-445c-ad05-f4334e4035ea,5
bc3ea3b5-3c16-4a37-bdfd-dfc464140e1b,1
380f90d0-ea9f-48e0-a5be-045c96d8be88,1
2e77fd86-a2b5-46fd-a57e-7b0bf15fc5b1,5
c54721ba-8199-4fc0-9a6f-cb505c0b04ca,1
12f50329-4e24-4e39-b846-ab21ead9ee72,5
db4deb80-da17-406b-9a11-7727e24d095d,5
4dbf6f91-03a7-485a-8b8b-e9db1d07df93,5
db96e8dd-6815-48ca-b65d-4c83be77a89d,1
865a73de-5ed8-4b66-b556-b3cc2c43d0c2,1
c1341989-969c-4b65-a0f6-b23f7409a8f1,5
45502bdd-0f87-476e-9b82-129a95949c0b,1
cf3bf5c6-f7c0-4675-b59b-ebcc78588598,1
ff0bca7a-ac92-4e81-9bef-64717370b475,5
21863c01-c086-466f-bd20-6a0610565d8a,1
e71a9308-12b2-4727-93ad-9db333ae2f8f,1
616f98a0-5a40-4045-a50e-2a9dc5fe0a4c,5
e3d449ed-6697-4b15-ae08-7e32f7a98b72,1
1f9853e1-4cc9-41ad-a8f1-7413171cbb95,5
37b43d7b-c570-4db1-aa29-5ffbd904def9,1
60616d9d-e37b-448c-82e1-2df9c60dc850,5
717d2a0d-9481-4cd4-92bc-16b55d3ee7ed,1
72e6c7c6-aa52-4714-8d89-150b42f262d3,1
d5640b16-671c-4582-b7b4-528af50d2ecb,5
4d438bdb-3241-4879-94b5-936dea0ce405,1
5609a9da-8efd-4e4f-b39e-a3c16a26da74,5
28a008eb-e73b-4734-a5bc-850f57fd2446,5
aa8dee7e-60b9-42ac-8045-be9f2060766f,1
95a22e79-9c90-4347-8691-5c06893705e8,5
1c3c4e14-f096-493b-aad3-40c087aedca8,1
ee0b9bbc-cfcd-4559-ac6d-a11f8aaf5949,5
49ff5251-71de-492c-bf9a-7c80538ad5e2,1
6164525f-b6b9-41ca-8dc0-c090b3ca18b2,1
01b0f06f-237f-4b43-bbea-783c453ecbc9,5
7de1262b-2b0b-4a96-a002-413c65fac914,5
5cf0b96f-6d8e-4d89-9b41-9711fb6cf241,5
05763b92-b218-438d-b2ef-d5298df0c532,1
76b1f11f-0210-473d-aa99-4f4a74dfb05e,5
1f620e22-6ec4-4319-8cb7-e53c29a4d5d7,5
57876d8c-0882-46e4-b207-9d9f42799a8e,5
b24453cf-29c0-41ec-bcbe-cc734cdfc6b6,5
c878dafa-e43d-4e93-b482-94441ada5f8d,5
9cf8c8cd-129c-44e2-a898-b876d0a5cb36,1
60989b2f-687c-4f53-8ddd-945f7098f615,1
fa41e8d4-a555-4c0e-bd77-fa3faf475568,5
b9d6de7e-3fa7-470d-a091-0e742d4e2a8d,1
d063373e-e3f8-49c6-b832-273cc325e4e3,5
71226168-29a7-4cd8-a466-4175de70f04d,1
8dd675ac-e0ad-4023-9756-0ebde2ef8d60,5
99bbdb82-356c-4d06-b1d6-3db10e06d2b2,1
c8d1b098-378c-4baf-9579-1e79e91f9da3,5
46075a60-8214-468d-bedc-0c5cd5b4de92,5
593048a4-1062-4f65-b290-883c788c62bf,5
1415f585-b083-42d9-b51f-3103588c3088,5
ed4e76f0-7c04-49dd-a2c6-7032754fba97,1
35bb0c51-3f40-4302-9a1b-2d75f4f432ae,5
b2b37769-ba70-4ec6-860d-5f7770e728ef,5
8467edec-ecb6-4202-9bb2-1f113b5cc7a1,5
08c61ec5-c081-4288-86ab-6de995033d60,5
384f3063-0574-487a-bb04-d619abb96b7d,5
54518589-908f-4425-87ca-cc292c5c8f6b,1
54d5f783-baad-4cb3-9f1c-d40d2b95f6d0,5
173b5161-2ad0-4da2-813a-1554988c02db,5
f410aa75-0b4c-4ac9-9e2d-33ba060662be,1
87b4cde7-c742-43f6-a7ce-693719808969,1
a4dd328b-6be1-45fc-bcba-c629e2ea7cb3,5
1e30ebfb-8e65-4559-98e4-e0c946a8d398,5
ca1e083d-d037-49ec-a424-d6b633ff5685,1
ba522dc8-84a1-4ed7-80de-5e7054ed6277,4
3bd78ba4-199d-4580-b3a0-5f535719099c,5
bb4bd0d9-04f9-4522-a23e-76d5351cfc5c,5
467d55c3-96fa-46a9-bb0f-dde7b3511a5b,5
2c30dfcd-fe92-4811-8863-6ad673e85bb8,1
f02d9a1b-0637-4ae1-a35e-c6b7c2f0438a,5
92403c16-7ff5-44c6-a345-d9bcb5f60273,1
58f3537c-f2cc-4f22-a008-3b16ca44ba05,5
08189310-36ba-40fe-ab48-b9e95e409a07,1
4239c4b6-9ec5-42fe-9b4e-74b17603ebd9,5
007b0e2a-d2e1-425e-977f-99d667186723,5
f476c10d-ed8e-49b4-82ae-f19e73aaecd2,1
4c5f9ee5-434b-4bd6-9ba6-741c996622b4,1
3e84ad02-1a8f-4621-8dba-14ea00a0bf06,1
b4f1c9bf-038c-43f9-b6c5-dd424bda6486,5
436a2932-8db0-4f88-be98-d64b601cbac7,5
b1386a1f-3d33-4fe8-84cc-a58349a074c8,1
9bfb80b3-b7b9-46dd-81e9-bdeffdf383c2,1
9e2d056a-cb91-4617-823a-1969687acd4f,5
4911df5c-5361-4cd1-8fd1-502e7f064613,5
6c751768-2393-43b0-ae11-8010d2d8bf5f,1
b1c8553f-199f-4c49-998b-ef255f03f340,1
12d4d7ae-d9b4-4f9f-96f1-74747be4ef50,5
0cd71abb-1ecb-47b5-9425-4503a5f62a1c,1
ba595177-2198-44be-9974-3b2879cab32c,1
9e34a241-f2be-4ddf-981f-aff890d6b899,1
adb8e574-0781-4fab-8378-d4145e312921,1
e7867f27-4b48-4bb3-a56d-c7354e2e6578,5
decc9b98-7835-4989-a968-bf57a3a9d561,5
6ec07184-2bc7-4e08-a9c6-1a31a304ff8c,1
c8b63f0a-455c-46f1-ba87-5441c6fb8102,1
1a430b84-6820-4522-947f-9d33d69ed06e,5
d26b5c1e-773c-4b92-8ba9-bc276f40265f,5
e146a9c5-1fea-4412-bb5d-3dba1771eab8,5
1e691dc4-a707-4699-a5cd-c6f3c3a794cf,1
85fd16ec-a72f-4d37-af8f-969f2ce93c50,5
c992db73-ba19-4006-a194-caf5aac5cc84,1
1a80a7d4-357d-48bd-a5ec-dc67429ca7de,5
7ed5e788-0901-49ff-bf5c-c6b844130363,5
cc07ff4e-a593-462f-8410-36d44f30ba71,5
ed685bb5-f8c8-46c0-9f20-9806307c7105,1
e60918fa-cbb3-493e-8052-12ce4a3c3c37,5
5f3f17fc-45cd-484c-9eea-c61bbf7faf92,5
6b17fcdf-18c2-42bd-b944-13d072b0f80d,5
14be25a4-37e3-4700-a8bb-510474de4e26,5
8e94f9bb-f0c4-49d1-b3d2-67fe52702107,5
58eab871-93c2-4fc6-a1b9-4a4f0caea8cc,1
4908cf41-8db0-4286-8ed0-95eea26ee4a8,5
4b7e1069-b327-4cd4-a6cc-9968211cc275,1
ed124463-50df-499b-9102-eaee3f21ac1f,5
206b46d1-5d55-479c-a0ee-9b38d81e0351,5
00cd41b2-1276-4f44-83ae-c1366adc5f64,5
440f82ed-0a8e-4e6a-bcf1-516dd1e70fe1,5
852f2476-27db-4be4-b7ee-b4acd684aa31,5
778df3e8-06ce-4dca-bff9-78c8c6c491a8,5
283080bd-3853-4cc8-b605-4eaeeaa6baa8,5
3b8091d9-30bc-4efa-80aa-2fe3828f5391,5
597049b2-7751-4c76-94aa-767dcc22196b,5
fe593be9-03df-4da2-adcb-9637608e781d,5
9fd619ff-91b5-48e5-afed-738837c49d86,1
d1d4c207-d9f0-4bcf-842c-dd230d8eed0e,5
3f6da15a-aefe-4e05-8bd8-79b3e5f0377f,5
66107454-e8e4-42e3-bda7-c853df604dc6,5
14d6d882-7ba9-4956-8d21-21ef6b221660,1
7ef42c2f-2eae-4f8f-b9ad-0c71a796fef3,5
6e5c69a1-d055-4590-9a27-51bad731956c,5
bcfde927-79d7-4a77-9ec5-343ad24d4ddd,5
553a7707-33d5-436d-92f5-9226b85444ef,5
94c24817-fb23-4730-a374-1f22efd1fd57,5
96d159af-a44d-46fa-897c-35c2bae1f926,1
340a8bf8-4ac6-4598-bcb8-b5baa1c61069,4
10c46ac6-b0d5-43d0-bd08-7381106529cb,1
cdcfe69e-0822-4374-90f0-27d8c82f8c46,5
b592e08e-e5be-4f69-8c47-ee67031b746d,5
79902f53-c61d-4dfd-82ce-02d3990640da,5
3411199b-6f39-48e7-8ce9-cdcf9e9766ee,1
3f2bb907-8148-4297-a03b-c031bff70694,1
4a9a8e1f-1908-4f88-9c05-c67ed4e6183c,5
e90c64e4-2389-4364-8028-ea83d8ee0da6,5
0d6f654b-8343-4ce0-a42f-98c0226822e9,5
f1d9f0fe-e70d-4416-8f7f-4b3ed735db69,1
e340c7b7-db10-4e1b-b76a-027bef1cf2aa,1
da0aa785-eaf5-4256-be8d-4a79495e6350,5
b2d1121a-092a-4e88-8798-866b7f51dec8,5
7fa60b9e-2487-4712-8f38-13eea4330a33,5
8f8e3072-d734-42df-97e8-82a5a9a7fc60,5
b0213b4a-3887-4b98-b4eb-d939286308dc,5
3446b615-d97e-488a-8298-6e841bf550e1,5
b0c6268c-23e4-4937-ae4c-984d0900729e,1
6dff8c8a-6324-4d62-8abf-85af18f40709,1
01ea6bbf-329d-4323-b213-f396a87f06b0,5
9b1a0778-7f15-4b81-afdd-a0cd60400f53,1
fa38ee0e-cfb8-4e22-861c-7bd7a25a6fe0,5
ffc2d6f1-bc5e-43bb-ac6d-3cbde84e72b9,5
3d2f31e1-1764-4102-a206-c441db6e6d1a,1
8e44dd12-8ed4-4611-987d-e57674e86f20,5
b2a0adb0-dabf-4b7f-8a7e-0159468a02aa,1
250ea06d-22f8-47d4-ae7b-4bbd3b3a7202,5
a96e12c1-4544-4933-96ab-b35b8884bcae,5
6922e1df-c2b4-48fb-bac8-81ced9bae6f4,1
2d6d35f2-d295-44f9-89e1-c2e04250cec1,1
54083262-b9c2-4c6c-9272-11e55593fb22,5
adc3c0d3-ae00-41ba-8b28-d30306efd84e,5
3995a079-8bed-4772-93f6-14abf1905ffe,5
1a0f2158-5242-4322-9e90-521639aafb96,1
43569164-d5de-450a-9012-e5bb4e5fd46d,5
dcce31dd-6605-45b5-a363-6442f0610036,5
5b2c6143-35cf-49a6-866d-c6a07664cca8,1
dbe166b7-eb5d-4fd8-9f48-dbd71d689ef9,5
8f165f0e-1f97-409e-b434-e6e2b2678ae7,1
bb58a9c2-d952-4a9b-ae41-a2305d10f43b,5
614021c8-30a3-4512-8443-23e769269238,1
6d158861-5725-44a7-ab38-4d363aa0ec7e,5
e9640cec-fea2-49f8-92fe-d65364539d77,5
d09ad863-37db-475e-a801-bde62ed54b81,5
ab9b5174-5e18-430b-b007-01260290ea77,2
8d727967-74ae-45fc-8048-d5abf57dc160,5
e1535864-c5c3-438a-bc0e-7c35bf4f6414,1
94d8c3a1-7a30-4ac3-8096-d9d8217d25fb,5
14ab2d9c-a698-4bf5-9a59-a3798944a528,1
6129c5f2-8d78-49bb-8c2d-b4714aed8b89,1
1e86d614-b942-4e70-90fe-2715776f96b9,5
43835242-7ec5-4d61-9291-93ed7312ae98,5
0dd8a155-9267-4931-8ea3-9b4eae6af2c4,5
f4782445-7a5a-45d9-b767-ea11ddb13937,1
7b60e765-9652-4e49-8deb-3343987ce781,1
7a2ff4d5-00c8-416b-9004-8610129dc680,5
8a8aaa1a-29ed-4495-b0ed-3f1639866908,5
6bb6ce21-b686-4c7a-8866-422a9b1d1252,5
a6191f81-708f-4749-9408-8d0c30b88876,1
35057fd5-6f24-4a8f-b92f-758e3a616fca,3
b23b807b-814d-43ff-85ac-cd09f0d0a12c,1
e47a3243-643e-4722-bc5b-f1cae3245d29,5
2c3770a6-0ba3-4eda-9f8c-d42920e45fd2,5
0fbb700e-9d42-4159-9a40-eb97a1557ba0,5
fbd29d22-07c3-4ea3-a593-35e19cbdc923,5
8e6dbdc6-341d-4cd3-869e-07f3f4442049,4
8d3ec3f4-2461-4574-acbe-54a2da031e60,5
67f080df-83fa-401e-b1ea-be34fc49eb95,5
3e6a4932-64f0-4c0d-99e6-ffe7f2394b60,5
36e44bf9-9850-47c7-9d1e-c0f8e2d68aa1,1
5ed75275-f777-40e0-a92b-b4851daf12ce,5
be4b24ec-2050-4fa8-9922-afb789d72c59,1
e811eb79-b1aa-415c-8508-c74d8e43ecd2,5
9eb23c57-d3b4-4a96-b119-091e109e41f6,1
c10f1009-818e-4675-9835-0b706298eea1,5
86468c5f-7c99-41d4-a857-5ba6dfd99522,1
a921ebd2-fdc4-4320-91d2-c3d048e2bf33,5
746295f2-d2f3-4657-af97-945f222ab3c5,1
7726cc10-911d-4c5a-94b5-76228e22181d,1
d7e92073-6be8-4720-b879-0fd3d0248d14,5
f672c51b-e771-4446-a797-5b046ed64273,1
95b1481c-5909-4e88-96c2-f4d2b4738a98,4
f8c64407-a6d1-4ef0-bf5a-ca31c260e1fb,1
5b12e388-1fe9-45a0-a3cc-2b23b5af0cfd,1
bdb28ecd-e683-41ab-82fc-7a48ac25fd14,5
46f3f9ec-b620-4fa8-bf96-5c7ac7d46407,5
7c1a8993-08ec-42fa-be5c-f00130ad515e,5
630370bb-8043-407c-8071-91afd0cd1964,5
0a6d9cb9-26b9-4d66-8571-4129d508a27f,5
e8b14d08-a77d-4275-a565-a7b2c76e7cb0,5
9042b009-b642-4fbd-81f4-1589508907d5,1
73ac83a8-5d72-48c0-b99b-b061c5e6418c,5
d52f644b-7438-44f0-a48f-e56be6b5c729,1
863266cb-f222-4acd-b9d0-a4c7f16e5d4a,1
6fc5c58d-818d-430b-b967-7c76541aecf3,5
741bd6e6-03e5-484f-a5cd-35aba930ad4b,5
872ff108-0527-4c16-aed7-8d59cf84bd54,5
f4d42e32-c17e-4b65-92fc-ff1bf9431c9e,5
bb7638f0-1bce-440b-9665-79cdd2deef7e,1
09f326b2-ec0f-4148-8ed3-884aa97ac65b,5
96d243d4-9c2d-4c5d-a55e-339ce8b38b6f,5
d9467e51-ff51-438c-8f61-0b95cff40184,1
8e9e9c12-4b2d-44ee-9635-7fe17f074226,5
130dfd97-9a26-4fa3-8c4d-bc2259fb4ba1,1
6c63444d-0297-4e0c-af8b-d4aa16f2c757,5
79efef3a-31c0-4ba3-9993-dc3c2e90556d,5
2788c9a6-17a4-447b-8669-c2bbc734f7ce,1
8b264143-5c8d-418d-8491-6780c2f3e5a3,5
9d863b7b-80b4-4177-8de0-f26dfa6d7b71,5
eea08f18-46c8-42f9-88ed-1bc6a76cd1af,1
b1d8ce27-e78e-4649-9afe-3cfc2ad5656a,1
5f2881a9-7d2f-4f86-a09a-311ead64457b,1
c1cd29ee-f487-48bf-b6c0-c2d11a34c75e,1
2aa18a92-4a82-4876-ad01-a640169b5aab,5
d29679d1-bbf3-4caa-a214-177f94580b10,5
b6d716d4-87e8-4315-9b27-1e67b6536ede,5
706540c3-73b2-47f0-82dd-d9b60914b2bd,1
d0f9fa0d-335a-4cf8-8286-1d5f267a0098,1
be32ac5c-8e70-4a3c-923d-e239ba072d26,5
ea2c2cba-2a88-4628-bfd7-dd80dc4ff89c,5
712b5e24-eb80-4f93-b838-ba4591131deb,5
65fa25ab-cc7a-4786-adf1-1a8f47cea222,5
8788e139-f829-4722-8d35-e0ec1e2892fa,5
8967d5ec-a35a-4c21-9d70-84e0fb8814a1,5
bb2f139a-2aa8-49f7-9a80-4267e5d79b68,5
9467352f-a733-4fe7-a460-a4aa5a348479,1
b4237e50-799f-46bb-9f9a-0ce65e026545,5
8e8b57c9-6be8-4f8d-b342-9951927c73ce,1
8aa1e451-4613-42ee-8dea-778763735fd2,1
d26890f5-ad80-4c13-b1c5-37e764ed3945,3
3ca5ade8-b52e-42ec-a387-acd3cc5962c3,5
8a4c4c2d-14bb-4472-bdad-3421594338ec,1
6422b65b-33ea-43ce-92d4-7f0230433037,5
f8be7f33-1c42-4b6c-b6a3-d49d1c98c513,5
645fd7af-5bbe-43c3-bbc6-d6638b2de3cd,1
2b93ad53-2aa7-4ceb-b78a-dd7ec2d729b8,1
ce7c659b-db76-456d-a438-0982ff4ffb3f,5
6c64392e-0a1d-4dcd-818f-e0e0b065aa36,5
e86fe6e4-4b9c-4e29-a221-b55fb4d28aa7,1
651ab03b-a3ab-458f-8b44-4f55d8b94604,5
66df1965-393c-479d-a289-24bc1591bc6a,1
b30c9848-7879-4825-9d44-2de0243bb481,5
123ba870-6e1d-4553-95fd-6b33ae7f8fa0,5
7d98c412-95ce-4590-9ea8-2b6abdd3d369,5
1d5f92dc-ebce-4515-a9e9-77574e67750f,1
40b82dc3-ffa3-4fcd-8940-92ce0e469ff9,5
ebb18831-7f18-440d-a9a4-30b4da0105c2,5
27424de3-ff71-434f-af0d-617cee2bc153,5
12ac5919-fbec-440c-a075-9f823fd5f922,1
6c5c7839-2b06-4128-a90a-c7102c29b2cd,5
35f55d66-89fc-4ed9-aca5-b3a6dc334e73,5
e46f0740-f7e0-4e4b-956a-e3b4eda5b49a,5
18f3f269-25cd-4aa3-927b-496b28fd0d19,1
fd9ad37a-d28a-4ac1-93c0-b13676ffa5e8,1
a6f4ebca-b69b-449d-8e89-753b8c35d0fa,5
0116665e-3dbd-4387-8ccc-03e418f838d8,5
f5a4382f-d5a8-442d-8254-deb700ba6fd6,5
012f0645-4a1b-4625-b33a-572c468b871d,1
7d32f38a-5c41-41b4-af36-2c82573d9d32,5
a596f353-c75d-4486-bada-ff021de0efdb,5
929ce4a6-9a4f-4367-9908-4092c815244e,5
ac59d4bd-1b6b-45d1-9de9-2c19bdddefdf,5
ac87bee9-e07a-45a1-a9ec-6cfe56501783,5
7348e30d-8fdd-4d6e-be32-8bffdb2e35c6,5
a7fe2af0-1108-4c62-a039-4e61611f9d94,5
d645d217-c4bb-4bb8-8ba3-3c2fdf8a29f2,5
ca300a05-f726-4b75-b1dc-2dfd11af6ced,5
6488b0f6-4367-4b6c-9ad8-3267b17ceccb,5
e3199dc8-3749-46ca-bda4-7444a44a94d3,5
73d29df1-701c-41c6-952a-8ae610dd5b0c,5
4dbf4397-2806-4ed0-910b-c43de4470192,5
8eddd09c-4125-4829-a9d3-84971177898c,5
e5e2039e-493f-43d5-bcb5-fb9fbb9319d6,5
93e8bc35-5a76-4ab4-b497-ef270f4aad4b,5
d793a215-bedb-40f1-b83e-bcea14b46536,4
6defc835-cd22-4d6c-8a45-60381865b164,1
1017bb7f-eef3-47b3-b3a6-9063d438f425,5
793ca954-78b6-4659-b366-1cc2023aff22,1
2afa0384-7802-42ba-87ed-746fe62b903b,5
38aa47bc-b04e-43ce-a49a-118d84971306,5
d54e1d15-7732-4336-85b1-1f73791954c5,5
dc9ed932-9e2a-466a-9687-f79efcb408bf,1
93381907-29a3-49da-87b6-28f17315b82f,5
107f1d2f-12b2-4e44-9caf-9d185eb4088a,1
3a878ba6-33cf-4059-8677-eda45f5e73be,5
f19b5323-1c23-470f-8224-0b1e75bb363c,5
3c06e0b4-e4b1-43d9-bde5-8648c822248e,5
bdb3953c-1571-43d3-aedc-b89d8b33b839,5
80378c96-8c81-48ab-9962-d5b2df595281,5
df38aae5-ff36-4434-afc1-417404f648d9,5
1334fae0-296e-4506-ae19-f0c9df104cc2,1
25124808-7601-4b7c-ba32-920d4f630bf1,5
d1e95cdf-4ac9-4186-9f2f-ce2f5365c6a6,5
49b1c487-d731-4f07-9a87-6a3d271d916f,1
023aece0-16f3-4a43-8ba1-55cf4471a7e7,5
9dfefc3f-0395-4f42-b367-99d139d829c5,5
20413922-2dad-4bff-a549-a476b51838d1,1
abebfb07-b86d-432c-be62-28f760b9e64d,5
1352727f-da2a-4901-9c23-5247a59724b9,5
ec62ae7d-11b4-44c6-8e10-5a03bec0a891,1
d1f7de1c-fd4b-404c-aee1-a6b5dbb95270,1
27dd8222-06b3-4527-8399-dce69db71897,1
64af09a1-526d-412e-b523-b0eb2e6c6bd2,5
cdb4b9fc-91ef-4e54-9e4a-4d4e424ce7a7,1
35a16b19-c6eb-4fb6-8fd7-81e460bd304a,5
a0a49d7b-6b7a-47fe-8463-2b95e9059909,5
d277de0a-b31b-463f-be66-312b5ba24512,1
5beeaa52-8e43-493b-825c-b874c5ecd8e6,5
b9c82baa-0e02-4d87-b2a7-9a8c3b9670f1,1
fdf13c58-16af-41c0-9312-9bf1c2b636ee,5
618e5ef0-46aa-4daa-8396-c96343abdeec,5
2aab99cf-4adf-4342-93a1-3b6eea9eefe3,5
0f6eb9b8-edf9-4e3d-b9cd-4b04162d0b67,5
10234884-1d3f-450a-99c4-baed20420535,1
8792442d-9714-4c30-b20d-61c2b1891f39,1
8f7ad59a-b8e5-4044-ab40-4a98d37bf3a2,5
12d1a8d1-41af-47be-9b92-254de10748b2,5
f3c42948-6bf4-4907-9a24-04699c2c04ef,5
6eaf35f9-d089-4192-9014-349db95f72d0,5
f86cd1bd-e12f-4138-950d-8b4c71f75aa8,1
c6915e4d-cf72-4b6c-8249-1ce3fb151341,1
755db9a3-159b-4510-b840-98eb8f3fb788,5
3b08cac1-6652-4134-8889-bf85ef566c70,5
d24d31e1-1648-487a-9c75-e9cee91116a2,1
b1029454-094d-42a0-9972-4e57867216ca,5
93b0663c-18a4-4008-8f85-e6bfeb660083,1
78a64a85-a227-4eaf-96bd-12c1fe5af71e,5
8465ef22-7764-4393-b802-d30fcf541baa,1
3685ee4a-cbb1-44c7-bc9f-592b1541778d,5
9b9b4ba6-5cb7-4dbb-bc4a-7af009fbc50d,5
1a9a258d-81bb-4124-816d-721fa6d472e8,1
e534c00f-917b-4806-8a37-51118b2eb0d2,5
3dbc9350-c226-480a-b269-94fd13af96f8,5
ad5fa618-7061-47f0-ae6a-15a28e1d0707,1
64996684-a8f1-47e0-ac10-1a7a2bf773c7,5
444ad362-4722-4e75-ba11-247bd2ba3785,5
61e86417-24d0-4437-9988-f36572098c8d,5
8a55394c-df3a-4683-a358-44b83bc17087,1
d5d62771-4ef2-4f81-9cc4-b640ff535574,5
19fc6d15-2ca6-42f5-8aa7-485eb6c97901,5
3455e851-dd54-4403-a415-ace9adbf93ac,1
4747dab5-0b5d-45af-be75-dbd4c9c1804d,1
9df88f4e-58eb-4548-ba8b-e22c6b36bb05,1
2510df00-0e47-426d-88f1-a92cabfef67e,1
401ee0cb-1c06-4540-8ff6-76d1f0e300b6,1
ecbbd54e-3ae9-4f63-b842-d0797c41cec2,5
b7761da8-62a8-471f-bfab-74a39d618d19,5
a54d2b43-e9dc-4afe-83fa-a95a088e6494,5
58285aa2-c1fa-4906-a3ae-f5493c4a6ca6,5
11a3730a-be4d-4e84-b652-5cec37da2ad0,1
f35dd123-6713-473d-8588-754ee5eb62d1,5
2ccd388a-da74-4647-8271-73b15cade105,5
3e46e0c0-b5dd-46f9-a8b8-853a1af4781b,5
331bf62c-57d9-4b05-8a1d-876e5bf5d104,1
560fa3f6-d471-4fdf-94c1-507c8bdbe334,1
ab038781-c612-4a46-a31b-faba879653bc,5
c0b8c160-6373-41ab-8821-89ab0622c24c,5
ffb34743-d1dc-471c-82cc-beda1bdb8958,5
b79968f2-99d4-4298-a43b-6468364a1425,5
94b8a350-49e8-4bb2-abe0-0ec0574e7940,4
c3848f77-e50b-46d5-9091-12cd05d07cfe,5
20a95d4a-0b00-4ace-83d8-5edd3e10ccd7,1
e6923274-179c-4da2-859f-cc547a9589bd,5
0d4ced37-67b7-40d2-a893-31a16a854a9c,1
505db0b0-5478-4cbb-a059-09d71e85908f,5
6ad32e77-e619-4c3b-a54e-887042936b00,5
a764475d-f7f5-4fb8-9194-a0a42199434e,5
f7979c0e-78d6-44d9-8b0a-7761c18f31c1,5
abd5cca7-1f56-48cb-8632-da17115184d5,1
0e7c6e2d-0012-4bf2-aeef-799062bf2fca,5
f8fa2f87-c95f-47d7-afde-e0266722812a,1
bb191371-05ac-4cb9-8164-56c660b617e3,1
8738d644-0cf6-495f-ba95-628d6bb28966,5
66943106-6dbc-4f39-8b11-faf7d1575247,5
6d5ce11d-7519-456a-a760-e18aa95619c9,5
bcb75796-8c06-44b1-94c9-7e7c3304eb9d,5
e9e9c93b-3405-4b6d-ab4b-27690b0a588b,5
a8891112-ed7e-4427-8bd6-b104da884280,1
a582fff5-da9e-4269-bc58-5565e9871feb,4
cceadc3e-abdc-4451-8401-7e50dec055ff,1
b306ec90-0402-4798-a60c-d5311c12f25a,1
eec9412f-5afd-4f11-a93a-d52bd3085774,5
dcd971d7-cc55-459d-8eab-2fb5841af7e4,5
1bd5f9bd-bd7c-48b0-ac69-bcb4568055da,5
55946f48-4cf5-4e54-a57c-bc981f2a8af9,1
5d367d75-3c07-48dc-92a6-eba46ef236af,5
48ddba06-cf55-4911-993b-cbd7a70dfd2b,4
2537e186-a3a8-4fc4-b0fd-29f05e7758fe,1
5bb5aad6-9d36-4e86-9b7c-96575b4e10e5,1
9534c029-ea5a-47f5-afdf-6f75b25d6176,5
c03ac9db-7c0a-4b06-b13d-d87a8fc85493,5
e521edba-999e-4dee-aef1-7b1f95eeab10,5
d18764eb-c519-444f-9d3e-845599d87cee,5
1dc4365c-e6cc-4f73-beeb-d5ac95817b61,1
8f9e10f7-d197-4ca6-a1e3-5229aa20f881,5
43304e71-fccc-4910-b6f1-3ae3bb0fc4a6,1
14c418aa-1c4b-465f-b518-cab34e41e609,5
ce8ed196-2d0e-4324-a210-673a8ab00aa2,5
d21a8c03-e1f8-432a-b214-08c016210de6,1
17625bb1-1359-43ad-80b7-275d6b6a549e,1
5f5c2196-4a7c-465f-a91a-be760fe57ed5,5
cf84eb75-882e-4b55-9075-47de487f6af5,1
79bc13bd-dd37-40ac-a54d-268c8901ae95,1
9d004708-b1ab-4d7c-8350-7c46e1b5d4b3,3
33844910-88a2-4d72-ad36-540372ba3a58,1
ab56e9e3-2e9f-48be-9353-c2a33a1674f3,5
ad7126d8-fc52-40fa-930c-61668abf009a,5
70e80829-30bc-4d0c-87f3-a64a478e7a8a,5
4abc7ba3-70cc-44e7-be72-88e3c96ee98d,1
18bf477d-ee05-4141-9e88-5b557c423401,5
2aeb0113-6f96-44c6-87d1-98edef59374d,5
88ddeb5e-81d8-41a2-ad5d-a03084971c96,5
33464858-480e-495f-a367-f56db6094998,5
c7028857-e2d6-4350-a014-0f5ff50b4d20,5
33c73fb0-3bbf-4b3d-836d-86bf8ef469ca,5
27eaac02-3442-45fb-8c3b-5dfacc8cd25d,1
91f08e60-7c79-4dd3-b358-4fa97ee07b7d,5
aa7300e7-1bdf-4dba-91aa-aa34c99ba8d9,5
6f1ab3b4-3bc0-4b8f-bb1f-2242c7d971d1,5
c1043055-6240-48bc-8bbe-399a83c58d96,5
a2a7be3d-41ce-472c-9e1e-eca354eedd0f,5
af96d36d-42a1-4c8a-9e01-6ac1b2fbee5e,1
0c30ae30-d3c9-4a6d-b6b3-ff17210839f5,1
